requirement_id,source_section,category,requirement,submission_required,confidence99_required,phd_defense_required,obligation_ids,closure_condition,derived_status,next_action
IMM-01,Immediate finding 1,normal saturation,"Check every embedding of every selected V in every relevant overgroup W, not one representative.",YES,YES,NO,COMP-K2,All embedding orbits are exhaustively enumerated and normally generate W.,PASS,Retain the pinned evidence and rerun both gates after any relevant change.
IMM-02,Immediate finding 1,normal saturation,Enumerate actual overgroups of a fixed V with IntermediateSubgroups.,YES,YES,NO,COMP-K2,The IntermediateSubgroups path is complete and fail-closed.,PASS,Retain the pinned evidence and rerun both gates after any relevant change.
IMM-03,Immediate finding 1,normal saturation,Enumerate every contained-conjugate orbit without the one-result flag.,YES,YES,NO,COMP-K2,The fixed builtin path returns and checks every W-orbit.,PASS,Retain the pinned evidence and rerun both gates after any relevant change.
IMM-04,Immediate finding 1,normal saturation,Require the actual-overgroup and contained-orbit methods to agree.,YES,YES,NO,COMP-K2,"Any count, fingerprint, or closure mismatch is fatal.",PASS,Retain the pinned evidence and rerun both gates after any relevant change.
IMM-05,Immediate finding 2,GAP trust,Pin a GAP source that contains the ContainedConjugates regression fix.,YES,YES,NO,COMP-ENV,Exact commit and source hash are locked and vanilla affected code is rejected.,PASS,Retain the pinned evidence and rerun both gates after any relevant change.
IMM-06,Immediate finding 2,GAP trust,Run the upstream multiple-contained-copy regression cases.,YES,YES,NO,COMP-ENV,Both exact regression cases pass before proof computations.,PASS,Retain the pinned evidence and rerun both gates after any relevant change.
IMM-07,Immediate finding 2,GAP trust,Independently bypass ContainedConjugates with a direct double-coset implementation.,YES,YES,NO,COMP-K2,The independent double-coset results equal both GAP paths.,PASS,Retain the pinned evidence and rerun both gates after any relevant change.
IMM-08,Immediate finding 3,sporadic methodology,Make the manuscript describe the same stability method the sporadic code uses.,YES,YES,NO,COMP-SPORADIC;MANUSCRIPT-CODE,Prose and certificate methodology agree exactly.,PASS,Retain the pinned evidence and rerun both gates after any relevant change.
IMM-09,Immediate finding 3,class identity,"Identify sporadic and finite subgroup classes by exact persistent class records, not order alone.",YES,YES,NO,COMP-SPORADIC;COMP-INDEPENDENT,Every witness carries an exact class position and fingerprint.,PASS,Retain the pinned evidence and rerun both gates after any relevant change.
IMM-10,Immediate finding 4,determinism,Remove random proof witnesses or replace them with fixed explicit constructions.,YES,YES,NO,DETERMINISM,Static and dynamic checks find no proof-essential random selection.,PASS,Retain the pinned evidence and rerun both gates after any relevant change.
IMM-11,Immediate finding 4,hard failure,"Exit nonzero on skipped, missing, ambiguous, failed, or inconsistent computations.",YES,YES,NO,DETERMINISM;MUTATIONS,Soft failure is forbidden and deliberate failures are detected.,PASS,Retain the pinned evidence and rerun both gates after any relevant change.
SUB-01,Submission threshold,adversarial audit,Archive at least two fresh hostile proof audits and route every verified finding.,YES,YES,NO,ADV-PROOF-AUDITS,Two independently produced reports exist and no finding is silently dismissed.,OPEN,"Run the archived adversarial-audit prompt in two fresh contexts, preserve full reports, validate independence, and route findings into this ledger."
SUB-02,Submission threshold,paper consistency,"Keep the manuscript, code, generated counts, and certificate methodology exactly aligned.",YES,YES,NO,MANUSCRIPT-CODE,"The manuscript checker reports no lexical, numeric, route, or methodology drift.",PASS,Retain the pinned evidence and rerun both gates after any relevant change.
SUB-03,Submission threshold,external structure,Pin the standard direct-power and wreath-embedding inputs used by the paper proof.,YES,YES,NO,SRC-REDUCTION-STRUCTURE,Exact theorem/page citations match all structural hypotheses.,OPEN,Locate and audit exact published pinpoints for characteristically-simple decomposition and Aut(S^k)=Aut(S) wr Sym(k).
G1-01,Gate 1,formal core,Kernel-check that Property P passes to quotients.,NO,YES,YES,RED-QUOT,The exact manuscript definition and quotient theorem build without axioms.,PASS,Retain the pinned evidence and rerun both gates after any relevant change.
G1-02,Gate 1,formal core,Kernel-check the minimal-counterexample proper-quotient argument.,NO,YES,YES,RED-MIN,Every nontrivial proper quotient is proved soluble.,PASS,Retain the pinned evidence and rerun both gates after any relevant change.
G1-03,Gate 1,formal core,Kernel-check absence of nontrivial soluble normal subgroups.,NO,YES,YES,RED-MIN,The extension argument is in the kernel-checked theorem.,PASS,Retain the pinned evidence and rerun both gates after any relevant change.
G1-04,Gate 1,formal core,Kernel-check existence and uniqueness of the minimal normal subgroup.,NO,YES,YES,RED-MIN,Existence and uniqueness are exact theorem conclusions.,PASS,Retain the pinned evidence and rerun both gates after any relevant change.
G1-05,Gate 1,formal core,"Kernel-check nonsolubility of N, solubility of G/N, and C_G(N)=1.",NO,YES,YES,RED-MIN,All three conclusions occur in the audited theorem statement.,PASS,Retain the pinned evidence and rerun both gates after any relevant change.
G1-06,Gate 1,coordinate reduction,Kernel-check N is S^k for a nonabelian finite simple S.,NO,YES,YES,RED-COORD,A theorem constructs the direct-power description from the minimal-normal hypotheses.,OPEN,Formalize the finite characteristically-simple decomposition and bind it to Proposition 2.3.
G1-07,Gate 1,coordinate reduction,Kernel-check the faithful embedding G into Aut(S) wr Sym(k).,NO,YES,YES,RED-COORD,The exact embedding and action on factors are constructed.,OPEN,Formalize the conjugation embedding using the trivial-centralizer result.
G1-08,Gate 1,coordinate reduction,Kernel-check transitivity of the action on the k factors.,NO,YES,YES,RED-COORD,Nontransitivity contradicts minimal normality inside the theorem.,OPEN,Close every mapped obligation without weakening its statement or required evidence.
G1-09,Gate 1,coordinate reduction,Kernel-check the coordinate-closure normalization G <= X wr Sym(k).,NO,YES,YES,RED-COORD;RED-COORD-BOUND,The conjugating base element and normalized components are constructed with the inverse-source convention.,OPEN,Close every mapped obligation without weakening its statement or required evidence.
G1-09A,Gate 1,coordinate reduction,"Kernel-check the inverse-source wreath multiplication, transporter normalization, kernel preservation, and quotient-order divisor conditional on the published structural realization.",NO,YES,YES,RED-COORD-BOUND,The exact normalized-coordinate theorem builds and is axiom-audited while the external structural interface remains separately visible.,PASS,Retain the theorem and its explicit external-input boundary while closing SRC-REDUCTION-STRUCTURE and the remaining RED-COORD interface.
G1-10,Gate 1,coordinate reduction,Kernel-check |G/N| divides |X/Inn(S)|^k k!.,NO,YES,YES,RED-COORD;RED-COORD-BOUND,The quotient-order divisibility follows from a proved finite embedding/order argument.,OPEN,Close every mapped obligation without weakening its statement or required evidence.
G1-11,Gate 1,product supplements,Kernel-check existence of B_V=N_G(V^k).,NO,YES,YES,SUP-EXIST,The subgroup is constructed from normalized coordinate data.,PASS,Retain the pinned evidence and rerun both gates after any relevant change.
G1-12,Gate 1,product supplements,Kernel-check B_V cap N=V^k and B_V N=G.,NO,YES,YES,SUP-EXIST,Intersection and supplement identities are theorem conclusions.,PASS,Retain the pinned evidence and rerun both gates after any relevant change.
G1-13,Gate 1,product supplements,Kernel-check |B_V|=|G/N||V|^k.,NO,YES,YES,SUP-EXIST,The exact finite-cardinality theorem matches the manuscript.,PASS,Retain the pinned evidence and rerun both gates after any relevant change.
G1-14,Gate 1,maximality,Kernel-check maximality from poset maximality and normal saturation.,NO,YES,YES,SUP-MAX,The exact ambient coatom theorem closes every overgroup.,PASS,Retain the pinned evidence and rerun both gates after any relevant change.
G1-15,Gate 1,nonconjugacy,Kernel-check distinct stable classes yield nonconjugate B_V and B_W.,NO,YES,YES,SUP-NONCONJ,A hypothetical ambient conjugacy yields forbidden S-conjugacy.,PASS,Retain the pinned evidence and rerun both gates after any relevant change.
G1-16,Gate 1,divisibility,Kernel-check the group-level factorization-to-prime-power divisibility bridge.,NO,YES,YES,DIV-GROUP,Property P and exact subgroup orders force p^(dk) to divide t.,PASS,Retain the pinned evidence and rerun both gates after any relevant change.
G1-17,Gate 1,divisibility,Kernel-check the valuation contradiction for every k>=2.,NO,YES,YES,DIV-ARITH,The p-adic factorial inequality is universally quantified over k.,PASS,Retain the pinned evidence and rerun both gates after any relevant change.
G1-18,Gate 1,formal hygiene,"Forbid sorry, admit, placeholders, and custom axioms.",NO,YES,NO,FORMAL-CLEAN,Static scan and AxiomAudit cover every claimed module.,PASS,Retain the pinned evidence and rerun both gates after any relevant change.
G1-19,Gate 1,formal hygiene,Lock the Lean toolchain and mathlib commit.,NO,YES,NO,FORMAL-CLEAN,A fresh locked build uses the recorded toolchain and manifest.,PASS,Retain the pinned evidence and rerun both gates after any relevant change.
G1-20,Gate 1,formal hygiene,Make formal theorem statements match the manuscript rather than weakened proxies.,NO,YES,NO,FORMAL-CLEAN;MANUSCRIPT-CODE;FORM-CORE,Coverage binds exact manuscript claims and leaves partial claims open.,OPEN,"Close RED-COORD, then audit FORMAL-COVERAGE.json against the final manuscript before marking FORM-CORE passed."
G1-21,Gate 1,risk reduction,Use the published Tikhonenko-Tyutyanov result as the essential k=1 branch.,YES,YES,YES,K1-TT,The exact theorem and bibliography are pinned and the main proof routes k=1 to it.,PASS,Retain the pinned evidence and rerun both gates after any relevant change.
G1-22,Gate 1,aggregate formal core,Kernel-check the entire genuinely new abstract core of Sections 2-4.,NO,YES,NO,FORM-CORE,"All constituent formal claims, including RED-COORD, are closed and coverage-exact.",OPEN,Close RED-COORD and rerun the exact formal-coverage audit; do not mark this aggregate row early.
G2-01,Gate 2,novelty witness,Certify 1<V<S for every non-maximal witness.,YES,YES,NO,COMP-FINITE-BASE;COMP-INDEPENDENT,Every selected novelty record satisfies the stated predicate and any failure is fatal.,PASS,Retain the pinned evidence and rerun both gates after any relevant change.
G2-02,Gate 2,novelty witness,Certify N_S(V)=V for every witness requiring self-normalization.,YES,YES,NO,COMP-FINITE-BASE;COMP-INDEPENDENT,Every selected novelty record satisfies the stated predicate and any failure is fatal.,PASS,Retain the pinned evidence and rerun both gates after any relevant change.
G2-03,Gate 2,novelty witness,Certify the S-class of V is stable under the exact coordinate closure X.,YES,YES,NO,COMP-FINITE-BASE;COMP-INDEPENDENT,Every selected novelty record satisfies the stated predicate and any failure is fatal.,PASS,Retain the pinned evidence and rerun both gates after any relevant change.
G2-04,Gate 2,novelty witness,Certify maximality in the relevant X-stable self-normalizing-class poset.,YES,YES,NO,COMP-FINITE-BASE;COMP-INDEPENDENT;SUP-MAX,Every selected novelty record satisfies the stated predicate and any failure is fatal.,PASS,Retain the pinned evidence and rerun both gates after any relevant change.
G2-05,Gate 2,novelty witness,Certify normal saturation in every actual overgroup.,YES,YES,NO,COMP-K2,Every selected novelty record satisfies the stated predicate and any failure is fatal.,PASS,Retain the pinned evidence and rerun both gates after any relevant change.
G2-06,Gate 2,novelty witness,Certify the paired subgroup classes are distinct.,YES,YES,NO,COMP-FINITE-BASE;COMP-INDEPENDENT,Every selected novelty record satisfies the stated predicate and any failure is fatal.,PASS,Retain the pinned evidence and rerun both gates after any relevant change.
G2-07,Gate 2,novelty witness,Recompute the exact valuation inequality for the pair.,YES,YES,NO,COMP-INDEPENDENT;DIV-ARITH,Every selected novelty record satisfies the stated predicate and any failure is fatal.,PASS,Retain the pinned evidence and rerun both gates after any relevant change.
G2-08,Gate 2,certificate schema,Record a persistent exact identifier for S.,YES,YES,NO,COMP-K2;COMP-INDEPENDENT,The frozen certificate and independent parser bind the field to the exact orbit.,PASS,Retain the pinned evidence and rerun both gates after any relevant change.
G2-09,Gate 2,certificate schema,Record the exact coordinate-closure X identifier and action fingerprint.,YES,YES,NO,COMP-K2;COMP-INDEPENDENT,The frozen certificate and independent parser bind the field to the exact orbit.,PASS,Retain the pinned evidence and rerun both gates after any relevant change.
G2-10,Gate 2,certificate schema,Record a persistent class identifier for V.,YES,YES,NO,COMP-K2;COMP-INDEPENDENT,The frozen certificate and independent parser bind the field to the exact orbit.,PASS,Retain the pinned evidence and rerun both gates after any relevant change.
G2-11,Gate 2,certificate schema,Record a persistent class identifier for each overgroup W.,YES,YES,NO,COMP-K2;COMP-INDEPENDENT,The frozen certificate and independent parser bind the field to the exact orbit.,PASS,Retain the pinned evidence and rerun both gates after any relevant change.
G2-12,Gate 2,certificate schema,Record every embedding-orbit identifier.,YES,YES,NO,COMP-K2;COMP-INDEPENDENT,The frozen certificate and independent parser bind the field to the exact orbit.,PASS,Retain the pinned evidence and rerun both gates after any relevant change.
G2-13,Gate 2,certificate schema,Record |V| exactly.,YES,YES,NO,COMP-K2;COMP-INDEPENDENT,The frozen certificate and independent parser bind the field to the exact orbit.,PASS,Retain the pinned evidence and rerun both gates after any relevant change.
G2-14,Gate 2,certificate schema,Record |W| exactly.,YES,YES,NO,COMP-K2;COMP-INDEPENDENT,The frozen certificate and independent parser bind the field to the exact orbit.,PASS,Retain the pinned evidence and rerun both gates after any relevant change.
G2-15,Gate 2,certificate schema,"Record |NormalClosure(W,V')| exactly.",YES,YES,NO,COMP-K2;COMP-INDEPENDENT,The frozen certificate and independent parser bind the field to the exact orbit.,PASS,Retain the pinned evidence and rerun both gates after any relevant change.
G2-16,Gate 2,certificate schema,Record an explicit pass/fail result per orbit.,YES,YES,NO,COMP-K2;COMP-INDEPENDENT,The frozen certificate and independent parser bind the field to the exact orbit.,PASS,Retain the pinned evidence and rerun both gates after any relevant change.
G2-17,Gate 2,independence,Method A uses actual overgroups of a fixed representative V.,YES,YES,NO,COMP-K2,IntermediateSubgroups supplies the actual-overgroup path.,PASS,Retain the pinned evidence and rerun both gates after any relevant change.
G2-18,Gate 2,independence,Method B uses all contained-conjugate or direct double-coset representatives.,YES,YES,NO,COMP-K2,The second algorithm enumerates all embedding orbits independently.,PASS,Retain the pinned evidence and rerun both gates after any relevant change.
G2-19,Gate 2,independence,Treat any disagreement between saturation algorithms as a hard failure.,YES,YES,NO,COMP-K2;MUTATIONS,A deliberate mismatch is detected and cannot yield a certificate.,PASS,Retain the pinned evidence and rerun both gates after any relevant change.
G3-01,Gate 3,family-row obligation,Establish existence of every selected subgroup for the stated parameters.,YES,YES,NO,SRC-MAXIMALITY,Every family row has exact source/certificate evidence and matching assumptions.,PASS,Retain the pinned evidence and rerun both gates after any relevant change.
G3-02,Gate 3,family-row obligation,Establish every selected subgroup and Levi order/structure exactly.,YES,YES,NO,SRC-ORDER-FORMULAS;SRC-2E6-LEVI,Every family row has exact source/certificate evidence and matching assumptions.,OPEN,Close every mapped obligation without weakening its statement or required evidence.
G3-03,Gate 3,family-row obligation,Establish properness of every selected subgroup.,YES,YES,NO,SRC-MAXIMALITY,Every family row has exact source/certificate evidence and matching assumptions.,PASS,Retain the pinned evidence and rerun both gates after any relevant change.
G3-04,Gate 3,family-row obligation,Establish maximality or route through the novelty lemma.,YES,YES,NO,SRC-MAXIMALITY;PAR-NOVELTY,Every family row has exact source/certificate evidence and matching assumptions.,PASS,Retain the pinned evidence and rerun both gates after any relevant change.
G3-05,Gate 3,family-row obligation,Establish self-normalization wherever required.,YES,YES,NO,SRC-MAXIMALITY;PAR-NOVELTY,Every family row has exact source/certificate evidence and matching assumptions.,PASS,Retain the pinned evidence and rerun both gates after any relevant change.
G3-06,Gate 3,family-row obligation,Establish stability under every relevant coordinate closure X.,YES,YES,NO,SRC-AUTOMORPHISMS,Every family row has exact source/certificate evidence and matching assumptions.,PASS,Retain the pinned evidence and rerun both gates after any relevant change.
G3-07,Gate 3,family-row obligation,Establish that the two selected classes are not fused.,YES,YES,NO,SRC-AUTOMORPHISMS;COMP-INDEPENDENT,Every family row has exact source/certificate evidence and matching assumptions.,PASS,Retain the pinned evidence and rerun both gates after any relevant change.
G3-08,Gate 3,family-row obligation,Route every exceptional parameter explicitly.,YES,YES,NO,CFSG-BOUNDARIES;SRC-BOUNDARY-ISOMORPHISMS,Every family row has exact source/certificate evidence and matching assumptions.,OPEN,Close every mapped obligation without weakening its statement or required evidence.
G3-09,Gate 3,high-risk Lie case,Audit D4(q) triality and every possible graph image.,YES,YES,NO,SRC-AUTOMORPHISMS;SRC-MAXIMALITY,The exact high-risk source-map row and exception destination pass.,PASS,Retain the pinned evidence and rerun both gates after any relevant change.
G3-10,Gate 3,high-risk Lie case,Audit all four ^2E6(q) parabolic classes and Levi structures.,YES,YES,NO,SRC-2E6-LEVI;SRC-MAXIMALITY,The exact high-risk source-map row and exception destination pass.,PASS,Retain the pinned evidence and rerun both gates after any relevant change.
G3-11,Gate 3,high-risk Lie case,Audit twisted-group BN-pairs and full-automorphism stability.,YES,YES,NO,SRC-TWISTED-BN;SRC-AUTOMORPHISMS,The exact high-risk source-map row and exception destination pass.,PASS,Retain the pinned evidence and rerun both gates after any relevant change.
G3-12,Gate 3,high-risk Lie case,"Audit PSL(n,q) graph duality and flag parabolics.",YES,YES,NO,SRC-AUTOMORPHISMS;SRC-MAXIMALITY,The exact high-risk source-map row and exception destination pass.,PASS,Retain the pinned evidence and rerun both gates after any relevant change.
G3-13,Gate 3,high-risk Lie case,"Audit Sp(4,2^f) exceptional graph-field automorphisms.",YES,YES,NO,SRC-AUTOMORPHISMS,The exact high-risk source-map row and exception destination pass.,PASS,Retain the pinned evidence and rerun both gates after any relevant change.
G3-14,Gate 3,high-risk Lie case,Audit F4(2^f) exceptional graph-field automorphisms.,YES,YES,NO,SRC-AUTOMORPHISMS,The exact high-risk source-map row and exception destination pass.,PASS,Retain the pinned evidence and rerun both gates after any relevant change.
G3-15,Gate 3,high-risk Lie case,Audit G2(3^f) exceptional graph-field automorphisms.,YES,YES,NO,SRC-AUTOMORPHISMS,The exact high-risk source-map row and exception destination pass.,PASS,Retain the pinned evidence and rerun both gates after any relevant change.
G3-16,Gate 3,high-risk Lie case,Audit Suzuki fixed-point subgroup identifications.,YES,YES,NO,SRC-AUTOMORPHISMS;SRC-MAXIMALITY,The exact high-risk source-map row and exception destination pass.,PASS,Retain the pinned evidence and rerun both gates after any relevant change.
G3-17,Gate 3,high-risk Lie case,Audit Ree fixed-point subgroup identifications.,YES,YES,NO,SRC-AUTOMORPHISMS;SRC-MAXIMALITY,The exact high-risk source-map row and exception destination pass.,PASS,Retain the pinned evidence and rerun both gates after any relevant change.
G3-18,Gate 3,high-risk Lie case,Audit subfield fixed-point subgroup identifications.,YES,YES,NO,SRC-AUTOMORPHISMS;SRC-MAXIMALITY,The exact high-risk source-map row and exception destination pass.,PASS,Retain the pinned evidence and rerun both gates after any relevant change.
G3-19,Gate 3,high-risk Lie case,Audit every low-parameter maximality exception.,YES,YES,NO,SRC-MAXIMALITY;CFSG-BOUNDARIES,The exact high-risk source-map row and exception destination pass.,PASS,Retain the pinned evidence and rerun both gates after any relevant change.
G3-20,Gate 3,source standard,Give an exact source for every external structural assertion.,YES,YES,NO,SRC-TWISTED-BN;SRC-2E6-LEVI;SRC-AUTOMORPHISMS;SRC-MAXIMALITY,Every source-map row contains the required pinpoint and matching note.,PASS,Retain the pinned evidence and rerun both gates after any relevant change.
G3-21,Gate 3,source standard,"Record the exact theorem, proposition, or table number.",YES,YES,NO,SRC-TWISTED-BN;SRC-2E6-LEVI;SRC-AUTOMORPHISMS;SRC-MAXIMALITY,Every source-map row contains the required pinpoint and matching note.,PASS,Retain the pinned evidence and rerun both gates after any relevant change.
G3-22,Gate 3,source standard,Record the exact page.,YES,YES,NO,SRC-TWISTED-BN;SRC-2E6-LEVI;SRC-AUTOMORPHISMS;SRC-MAXIMALITY,Every source-map row contains the required pinpoint and matching note.,PASS,Retain the pinned evidence and rerun both gates after any relevant change.
G3-23,Gate 3,source standard,Record the source assumptions.,YES,YES,NO,SRC-TWISTED-BN;SRC-2E6-LEVI;SRC-AUTOMORPHISMS;SRC-MAXIMALITY,Every source-map row contains the required pinpoint and matching note.,PASS,Retain the pinned evidence and rerun both gates after any relevant change.
G3-24,Gate 3,source standard,Explain why the source assumptions match manuscript notation and parameters.,YES,YES,NO,SRC-TWISTED-BN;SRC-2E6-LEVI;SRC-AUTOMORPHISMS;SRC-MAXIMALITY,Every source-map row contains the required pinpoint and matching note.,PASS,Retain the pinned evidence and rerun both gates after any relevant change.
G3-25,Gate 3,source standard,Give independent corroboration for the highest-risk facts.,YES,YES,NO,SRC-TWISTED-BN;SRC-2E6-LEVI;SRC-AUTOMORPHISMS;SRC-MAXIMALITY,Every source-map row contains the required pinpoint and matching note.,PASS,Retain the pinned evidence and rerun both gates after any relevant change.
G4-SUB-01,Gate 4,submission arithmetic,Pin the simple-group order formula used in every family branch.,YES,YES,NO,SRC-ORDER-FORMULAS,"The manuscript proof, exact source, manifest route, and independent symbolic/finite evidence agree.",OPEN,Close every mapped obligation without weakening its statement or required evidence.
G4-SUB-02,Gate 4,submission arithmetic,Pin both selected subgroup or Levi order formulas.,YES,YES,NO,SRC-ORDER-FORMULAS,"The manuscript proof, exact source, manifest route, and independent symbolic/finite evidence agree.",OPEN,Close every mapped obligation without weakening its statement or required evidence.
G4-SUB-03,Gate 4,submission arithmetic,State and check the precise primitive-prime exponent.,YES,YES,NO,ARITH-SYMBOLIC;MANUSCRIPT-CODE,"The manuscript proof, exact source, manifest route, and independent symbolic/finite evidence agree.",PASS,Retain the pinned evidence and rerun both gates after any relevant change.
G4-SUB-04,Gate 4,submission arithmetic,Prove the primitive prime divides |S|.,YES,YES,NO,ARITH-SYMBOLIC;SRC-ORDER-FORMULAS,"The manuscript proof, exact source, manifest route, and independent symbolic/finite evidence agree.",OPEN,Close every mapped obligation without weakening its statement or required evidence.
G4-SUB-05,Gate 4,submission arithmetic,Prove it avoids the first selected subgroup.,YES,YES,NO,ARITH-SYMBOLIC;SRC-ORDER-FORMULAS,"The manuscript proof, exact source, manifest route, and independent symbolic/finite evidence agree.",OPEN,Close every mapped obligation without weakening its statement or required evidence.
G4-SUB-06,Gate 4,submission arithmetic,Prove it avoids the second selected subgroup.,YES,YES,NO,ARITH-SYMBOLIC;SRC-ORDER-FORMULAS,"The manuscript proof, exact source, manifest route, and independent symbolic/finite evidence agree.",OPEN,Close every mapped obligation without weakening its statement or required evidence.
G4-SUB-07,Gate 4,submission arithmetic,Prove it avoids x=|X/Inn(S)|.,YES,YES,NO,ARITH-SYMBOLIC;SRC-AUTOMORPHISMS,"The manuscript proof, exact source, manifest route, and independent symbolic/finite evidence agree.",PASS,Retain the pinned evidence and rerun both gates after any relevant change.
G4-SUB-08,Gate 4,submission arithmetic,Record every simplicity restriction.,YES,YES,NO,CFSG-BOUNDARIES;SRC-BOUNDARY-ISOMORPHISMS,"The manuscript proof, exact source, manifest route, and independent symbolic/finite evidence agree.",OPEN,Close every mapped obligation without weakening its statement or required evidence.
G4-SUB-09,Gate 4,submission arithmetic,Record and route every Zsigmondy exception.,YES,YES,NO,SRC-ZSIGMONDY;CFSG-BOUNDARIES,"The manuscript proof, exact source, manifest route, and independent symbolic/finite evidence agree.",OPEN,Close every mapped obligation without weakening its statement or required evidence.
G4-SUB-10,Gate 4,submission arithmetic,Record and route every small-field maximality exception.,YES,YES,NO,SRC-MAXIMALITY;CFSG-BOUNDARIES,"The manuscript proof, exact source, manifest route, and independent symbolic/finite evidence agree.",PASS,Retain the pinned evidence and rerun both gates after any relevant change.
G4-SUB-11,Gate 4,submission arithmetic,Bind each exception to its exact finite or substitute-prime certificate.,YES,YES,NO,CFSG-BOUNDARIES;COMP-FINITE-BASE;ARITH-SYMBOLIC,"The manuscript proof, exact source, manifest route, and independent symbolic/finite evidence agree.",PASS,Retain the pinned evidence and rerun both gates after any relevant change.
G4-99-01,Gate 4,99% arithmetic,Capture every infinite-family formula and branch in an exact formal or universal symbolic theorem.,NO,YES,NO,ARITH-UNIVERSAL,"No published branch, hypothesis, formula, or exception remains outside the exact checker.",OPEN,Extend the exact symbolic/formal specification to all Theorems 6.1-6.6 and bind every formula to a source row.
G4-99-02,Gate 4,99% arithmetic,Mechanically generate a complete exception manifest from the universal arithmetic proof.,NO,YES,NO,ARITH-UNIVERSAL;CFSG-BOUNDARIES,The universal proof and exception manifest are mutually checked.,OPEN,Close every mapped obligation without weakening its statement or required evidence.
G4-99-03,Gate 4,99% arithmetic,Check the exception manifest against the finite computational base.,NO,YES,NO,ARITH-UNIVERSAL;COMP-FINITE-BASE,Every formal exception has exactly one finite destination.,OPEN,Close every mapped obligation without weakening its statement or required evidence.
G4-99-04,Gate 4,99% arithmetic,Use a second arithmetic implementation that does not consume the first checker conclusions.,NO,YES,NO,ARITH-UNIVERSAL;ARITH-SYMBOLIC;ARITH-REGRESSION,"Independent code reproduces family, branch, exponent, exclusions, and exceptions.",OPEN,Close every mapped obligation without weakening its statement or required evidence.
G4-REG-01,Gate 4,regression boundary,"Label all 7,892 tested instances as regression evidence rather than universal proof.",YES,YES,NO,ARITH-REGRESSION;MANUSCRIPT-CODE,The manuscript and logs explicitly preserve this distinction.,PASS,Retain the pinned evidence and rerun both gates after any relevant change.
G5-01,Gate 5,CFSG coverage,Maintain a machine-readable row for every CFSG family.,YES,YES,NO,CFSG-INVENTORY,The independent manifest checker and manuscript route assertions pass.,PASS,Retain the pinned evidence and rerun both gates after any relevant change.
G5-02,Gate 5,CFSG coverage,"Give every family/parameter branch exactly one uniform theorem, finite exception, or exceptional-isomorphism destination.",YES,YES,NO,CFSG-INVENTORY;CFSG-BOUNDARIES,The independent manifest checker and manuscript route assertions pass.,PASS,Retain the pinned evidence and rerun both gates after any relevant change.
G5-03,Gate 5,CFSG coverage,Reject every uncovered family.,YES,YES,NO,CFSG-INVENTORY,The independent manifest checker and manuscript route assertions pass.,PASS,Retain the pinned evidence and rerun both gates after any relevant change.
G5-04,Gate 5,CFSG coverage,Reject every uncovered parameter interval.,YES,YES,NO,CFSG-BOUNDARIES,The independent manifest checker and manuscript route assertions pass.,PASS,Retain the pinned evidence and rerun both gates after any relevant change.
G5-05,Gate 5,CFSG coverage,Reject ambiguous boundaries.,YES,YES,NO,CFSG-BOUNDARIES,The independent manifest checker and manuscript route assertions pass.,PASS,Retain the pinned evidence and rerun both gates after any relevant change.
G5-06,Gate 5,CFSG coverage,Exclude every non-simple low parameter.,YES,YES,NO,CFSG-BOUNDARIES;SRC-BOUNDARY-ISOMORPHISMS,The independent manifest checker and manuscript route assertions pass.,OPEN,Close every mapped obligation without weakening its statement or required evidence.
G5-07,Gate 5,CFSG coverage,Reconcile every exceptional isomorphism.,YES,YES,NO,CFSG-BOUNDARIES;SRC-BOUNDARY-ISOMORPHISMS,The independent manifest checker and manuscript route assertions pass.,OPEN,Close every mapped obligation without weakening its statement or required evidence.
G5-08,Gate 5,CFSG coverage,Require every Zsigmondy exception in the finite exception manifest.,YES,YES,NO,CFSG-BOUNDARIES;SRC-ZSIGMONDY,The independent manifest checker and manuscript route assertions pass.,OPEN,Close every mapped obligation without weakening its statement or required evidence.
G5-09,Gate 5,CFSG coverage,Prevent an arbitrary finite-order threshold from silently becoming a logical hypothesis.,YES,YES,NO,CFSG-INVENTORY;MANUSCRIPT-CODE,The independent manifest checker and manuscript route assertions pass.,PASS,Retain the pinned evidence and rerun both gates after any relevant change.
G5-10,Gate 5,CFSG coverage,Build the canonical inventory independently of the GAP sweep iterator.,YES,YES,NO,CFSG-INVENTORY,The independent manifest checker and manuscript route assertions pass.,PASS,Retain the pinned evidence and rerun both gates after any relevant change.
G5-11,Gate 5,CFSG coverage,Use generic family theorems plus an exact finite exception list as the primary proof path.,YES,YES,NO,CFSG-INVENTORY;CFSG-BOUNDARIES,The independent manifest checker and manuscript route assertions pass.,PASS,Retain the pinned evidence and rerun both gates after any relevant change.
G5-12,Gate 5,CFSG coverage,Treat below-threshold exhaustive sweeps only as redundant validation.,YES,YES,NO,COMP-FINITE-BASE;MANUSCRIPT-CODE,The independent manifest checker and manuscript route assertions pass.,PASS,Retain the pinned evidence and rerun both gates after any relevant change.
G6-01,Gate 6,finite base,Assert that every constructed S is simple.,YES,YES,NO,COMP-FINITE-BASE;COMP-INDEPENDENT,The primary certificate and independent parser assert the exact field.,PASS,Retain the pinned evidence and rerun both gates after any relevant change.
G6-02,Gate 6,finite base,Assert the exact order of S.,YES,YES,NO,COMP-FINITE-BASE;COMP-INDEPENDENT,The primary certificate and independent parser assert the exact field.,PASS,Retain the pinned evidence and rerun both gates after any relevant change.
G6-03,Gate 6,finite base,Assert the intended standard identifier of S.,YES,YES,NO,COMP-FINITE-BASE;COMP-INDEPENDENT,The primary certificate and independent parser assert the exact field.,PASS,Retain the pinned evidence and rerun both gates after any relevant change.
G6-04,Gate 6,finite base,Assert S is normal in the ambient automorphism representation P.,YES,YES,NO,COMP-FINITE-BASE;COMP-INDEPENDENT,The primary certificate and independent parser assert the exact field.,PASS,Retain the pinned evidence and rerun both gates after any relevant change.
G6-05,Gate 6,finite base,Assert C_P(S)=1.,YES,YES,NO,COMP-FINITE-BASE;COMP-INDEPENDENT,The primary certificate and independent parser assert the exact field.,PASS,Retain the pinned evidence and rerun both gates after any relevant change.
G6-06,Gate 6,finite base,Assert P/S has the expected outer automorphism structure.,YES,YES,NO,COMP-FINITE-BASE;COMP-INDEPENDENT,The primary certificate and independent parser assert the exact field.,PASS,Retain the pinned evidence and rerun both gates after any relevant change.
G6-07,Gate 6,finite base,Assert the perfect residual is exactly the intended S.,YES,YES,NO,COMP-FINITE-BASE;COMP-INDEPENDENT,The primary certificate and independent parser assert the exact field.,PASS,Retain the pinned evidence and rerun both gates after any relevant change.
G6-08,Gate 6,finite base,Enumerate every subgroup X/S <= P/S.,YES,YES,NO,COMP-FINITE-BASE;COMP-INDEPENDENT,The primary certificate and independent parser assert the exact field.,PASS,Retain the pinned evidence and rerun both gates after any relevant change.
G6-09,Gate 6,finite base,Identify every relevant X-stable subgroup class exactly.,YES,YES,NO,COMP-FINITE-BASE;COMP-INDEPENDENT,The primary certificate and independent parser assert the exact field.,PASS,Retain the pinned evidence and rerun both gates after any relevant change.
G6-10,Gate 6,finite base,Certify maximality or every novelty hypothesis for each selected subgroup.,YES,YES,NO,COMP-FINITE-BASE;COMP-INDEPENDENT,The primary certificate and independent parser assert the exact field.,PASS,Retain the pinned evidence and rerun both gates after any relevant change.
G6-11,Gate 6,finite base,Certify the selected pair consists of distinct classes.,YES,YES,NO,COMP-FINITE-BASE;COMP-INDEPENDENT,The primary certificate and independent parser assert the exact field.,PASS,Retain the pinned evidence and rerun both gates after any relevant change.
G6-12,Gate 6,finite base,Independently recompute every valuation.,YES,YES,NO,COMP-FINITE-BASE;COMP-INDEPENDENT,The primary certificate and independent parser assert the exact field.,PASS,Retain the pinned evidence and rerun both gates after any relevant change.
G6-13,Gate 6,finite base,Certify the automorphism embedding rather than inferring it only from equal orders.,YES,YES,NO,COMP-FINITE-BASE;COMP-INDEPENDENT,The primary certificate and independent parser assert the exact field.,PASS,Retain the pinned evidence and rerun both gates after any relevant change.
G6-14,Gate 6,hard failure,Fail on ERROR.,YES,YES,NO,DETERMINISM;MUTATIONS,The suite exits nonzero and the corresponding mutation is detected.,PASS,Retain the pinned evidence and rerun both gates after any relevant change.
G6-15,Gate 6,hard failure,Fail on skipped.,YES,YES,NO,DETERMINISM;MUTATIONS,The suite exits nonzero and the corresponding mutation is detected.,PASS,Retain the pinned evidence and rerun both gates after any relevant change.
G6-16,Gate 6,hard failure,Fail on fail.,YES,YES,NO,DETERMINISM;MUTATIONS,The suite exits nonzero and the corresponding mutation is detected.,PASS,Retain the pinned evidence and rerun both gates after any relevant change.
G6-17,Gate 6,hard failure,Fail on missing class data.,YES,YES,NO,DETERMINISM;MUTATIONS,The suite exits nonzero and the corresponding mutation is detected.,PASS,Retain the pinned evidence and rerun both gates after any relevant change.
G6-18,Gate 6,hard failure,Fail on missing maximal-subgroup data.,YES,YES,NO,DETERMINISM;MUTATIONS,The suite exits nonzero and the corresponding mutation is detected.,PASS,Retain the pinned evidence and rerun both gates after any relevant change.
G6-19,Gate 6,hard failure,Fail on an unrecognized alias.,YES,YES,NO,DETERMINISM;MUTATIONS,The suite exits nonzero and the corresponding mutation is detected.,PASS,Retain the pinned evidence and rerun both gates after any relevant change.
G6-20,Gate 6,hard failure,Fail on an unexpected extra group.,YES,YES,NO,DETERMINISM;MUTATIONS,The suite exits nonzero and the corresponding mutation is detected.,PASS,Retain the pinned evidence and rerun both gates after any relevant change.
G6-21,Gate 6,hard failure,Fail when an expected group is absent.,YES,YES,NO,DETERMINISM;MUTATIONS,The suite exits nonzero and the corresponding mutation is detected.,PASS,Retain the pinned evidence and rerun both gates after any relevant change.
G6-22,Gate 6,hard failure,Fail on a package-version mismatch.,YES,YES,NO,DETERMINISM;MUTATIONS,The suite exits nonzero and the corresponding mutation is detected.,PASS,Retain the pinned evidence and rerun both gates after any relevant change.
G6-23,Gate 6,hard failure,Fail on any regenerated-log difference.,YES,YES,NO,DETERMINISM;MUTATIONS,The suite exits nonzero and the corresponding mutation is detected.,PASS,Retain the pinned evidence and rerun both gates after any relevant change.
G7-01,Gate 7,sporadic certificates,Record the exact character-table identifier.,YES,YES,NO,COMP-SPORADIC,The exact 42-row class/source map and pinned certificate agree.,PASS,Retain the pinned evidence and rerun both gates after any relevant change.
G7-02,Gate 7,sporadic certificates,Pin the exact CTblLib version.,YES,YES,NO,COMP-ENV;COMP-SPORADIC,The exact 42-row class/source map and pinned certificate agree.,PASS,Retain the pinned evidence and rerun both gates after any relevant change.
G7-03,Gate 7,sporadic certificates,Pin the exact AtlasRep version.,YES,YES,NO,COMP-ENV;COMP-SPORADIC,The exact 42-row class/source map and pinned certificate agree.,PASS,Retain the pinned evidence and rerun both gates after any relevant change.
G7-04,Gate 7,sporadic certificates,Hash all package inputs.,YES,YES,NO,COMP-ENV,The exact 42-row class/source map and pinned certificate agree.,PASS,Retain the pinned evidence and rerun both gates after any relevant change.
G7-05,Gate 7,sporadic certificates,Record the exact outer automorphism order.,YES,YES,NO,COMP-SPORADIC,The exact 42-row class/source map and pinned certificate agree.,PASS,Retain the pinned evidence and rerun both gates after any relevant change.
G7-06,Gate 7,sporadic certificates,Record exact Maxes positions or Atlas labels for both classes.,YES,YES,NO,COMP-SPORADIC,The exact 42-row class/source map and pinned certificate agree.,PASS,Retain the pinned evidence and rerun both gates after any relevant change.
G7-07,Gate 7,sporadic certificates,Record why each class is automorphism-stable.,YES,YES,NO,COMP-SPORADIC,The exact 42-row class/source map and pinned certificate agree.,PASS,Retain the pinned evidence and rerun both gates after any relevant change.
G7-08,Gate 7,sporadic certificates,Record exact subgroup orders.,YES,YES,NO,COMP-SPORADIC,The exact 42-row class/source map and pinned certificate agree.,PASS,Retain the pinned evidence and rerun both gates after any relevant change.
G7-09,Gate 7,sporadic certificates,Record the obstruction prime.,YES,YES,NO,COMP-SPORADIC,The exact 42-row class/source map and pinned certificate agree.,PASS,Retain the pinned evidence and rerun both gates after any relevant change.
G7-10,Gate 7,sporadic certificates,Record all three valuations.,YES,YES,NO,COMP-SPORADIC;COMP-INDEPENDENT,The exact 42-row class/source map and pinned certificate agree.,PASS,Retain the pinned evidence and rerun both gates after any relevant change.
G7-11,Gate 7,sporadic certificates,Give an exact current source proving each selected class is maximal.,YES,YES,NO,SRC-SPORADIC-MAX,The exact 42-row class/source map and pinned certificate agree.,PASS,Retain the pinned evidence and rerun both gates after any relevant change.
G7-12,Gate 7,sporadic certificates,Treat CTblLib data as versioned mathematical input.,YES,YES,NO,COMP-ENV;SRC-SPORADIC-MAX,The exact 42-row class/source map and pinned certificate agree.,PASS,Retain the pinned evidence and rerun both gates after any relevant change.
G7-13,Gate 7,sporadic certificates,Use unique-order stability only when Maxes is complete and exactly one class has that order.,YES,YES,NO,COMP-SPORADIC;SRC-SPORADIC-MAX,The exact 42-row class/source map and pinned certificate agree.,PASS,Retain the pinned evidence and rerun both gates after any relevant change.
G7-14,Gate 7,sporadic certificates,Use class-level information whenever multiple maximal classes share an order.,YES,YES,NO,COMP-SPORADIC;COMP-INDEPENDENT,The exact 42-row class/source map and pinned certificate agree.,PASS,Retain the pinned evidence and rerun both gates after any relevant change.
G7-15,Gate 7,sporadic certificates,Provide a source-backed Atlas/CTblLib audit trail without requiring a Monster permutation construction.,YES,YES,NO,COMP-SPORADIC;SRC-SPORADIC-MAX,The exact 42-row class/source map and pinned certificate agree.,PASS,Retain the pinned evidence and rerun both gates after any relevant change.
G8-ENV-01,Gate 8,environment,Pin the operating-system base.,YES,YES,NO,COMP-ENV,The declarative environment lock and environment checker assert the value.,PASS,Retain the pinned evidence and rerun both gates after any relevant change.
G8-ENV-02,Gate 8,environment,Pin the exact GAP executable/source commit.,YES,YES,NO,COMP-ENV,The declarative environment lock and environment checker assert the value.,PASS,Retain the pinned evidence and rerun both gates after any relevant change.
G8-ENV-03,Gate 8,environment,Pin every GAP package version.,YES,YES,NO,COMP-ENV,The declarative environment lock and environment checker assert the value.,PASS,Retain the pinned evidence and rerun both gates after any relevant change.
G8-ENV-04,Gate 8,environment,Pin the exact Python version.,YES,YES,NO,COMP-ENV,The declarative environment lock and environment checker assert the value.,PASS,Retain the pinned evidence and rerun both gates after any relevant change.
G8-ENV-05,Gate 8,environment,Pin the exact proof-assistant version.,YES,YES,NO,COMP-ENV,The declarative environment lock and environment checker assert the value.,PASS,Retain the pinned evidence and rerun both gates after any relevant change.
G8-ENV-06,Gate 8,environment,Pin all formal library commits.,YES,YES,NO,COMP-ENV,The declarative environment lock and environment checker assert the value.,PASS,Retain the pinned evidence and rerun both gates after any relevant change.
G8-ENV-07,Gate 8,environment,Record locale and architecture where relevant.,YES,YES,NO,COMP-ENV,The declarative environment lock and environment checker assert the value.,PASS,Retain the pinned evidence and rerun both gates after any relevant change.
G8-ENV-08,Gate 8,environment,Hash every proof input.,YES,YES,NO,COMP-ENV,The declarative environment lock and environment checker assert the value.,PASS,Retain the pinned evidence and rerun both gates after any relevant change.
G8-CR-01,Gate 8,clean room,Run the complete suite from a fresh clone/container on independent machine one.,NO,YES,NO,CLEANROOM,A valid signed/hash-bound receipt exists for the first machine.,OPEN,Run run-cleanroom.sh on the first genuinely independent machine after freezing a clean candidate commit.
G8-CR-02,Gate 8,clean room,Run the complete suite from a fresh clone/container on independent machine two.,NO,YES,NO,CLEANROOM,A valid receipt with a distinct machine fingerprint exists for the second machine.,OPEN,Run run-cleanroom.sh on a second genuinely independent machine at the identical candidate commit.
G8-CR-03,Gate 8,clean room,"Require matching candidate commit, manifests, and byte-identical normalized full-suite output.",NO,YES,NO,CLEANROOM,The two-host comparator rejects any mismatch.,OPEN,Close every mapped obligation without weakening its statement or required evidence.
G8-MUT-01,Gate 8,mutation testing,Mutation: remove one simple group from the canonical list.,YES,YES,NO,MUTATIONS,The designated checker exits nonzero on the isolated mutation.,PASS,Retain the pinned evidence and rerun both gates after any relevant change.
G8-MUT-02,Gate 8,mutation testing,Mutation: remove one coordinate-closure X case.,YES,YES,NO,MUTATIONS,The designated checker exits nonzero on the isolated mutation.,PASS,Retain the pinned evidence and rerun both gates after any relevant change.
G8-MUT-03,Gate 8,mutation testing,Mutation: change one maximal-subgroup class.,YES,YES,NO,MUTATIONS,The designated checker exits nonzero on the isolated mutation.,PASS,Retain the pinned evidence and rerun both gates after any relevant change.
G8-MUT-04,Gate 8,mutation testing,Mutation: change one obstruction prime.,YES,YES,NO,MUTATIONS,The designated checker exits nonzero on the isolated mutation.,PASS,Retain the pinned evidence and rerun both gates after any relevant change.
G8-MUT-05,Gate 8,mutation testing,Mutation: alter one valuation.,YES,YES,NO,MUTATIONS,The designated checker exits nonzero on the isolated mutation.,PASS,Retain the pinned evidence and rerun both gates after any relevant change.
G8-MUT-06,Gate 8,mutation testing,Mutation: corrupt one certificate.,YES,YES,NO,MUTATIONS,The designated checker exits nonzero on the isolated mutation.,PASS,Retain the pinned evidence and rerun both gates after any relevant change.
G8-MUT-07,Gate 8,mutation testing,Mutation: force one GAP call to fail.,YES,YES,NO,MUTATIONS,The designated checker exits nonzero on the isolated mutation.,PASS,Retain the pinned evidence and rerun both gates after any relevant change.
G8-MUT-08,Gate 8,mutation testing,Mutation: change one package version.,YES,YES,NO,MUTATIONS,The designated checker exits nonzero on the isolated mutation.,PASS,Retain the pinned evidence and rerun both gates after any relevant change.
G8-MUT-09,Gate 8,mutation testing,Mutation: leave one TODO in the audit matrix or source ledger.,YES,YES,NO,MUTATIONS,The designated checker exits nonzero on the isolated mutation.,PASS,Retain the pinned evidence and rerun both gates after any relevant change.
G8-DET-01,Gate 8,determinism,Forbid unseeded randomness.,YES,YES,NO,DETERMINISM,Static scan and byte-identical full reproduction close the determinism requirement.,PASS,Retain the pinned evidence and rerun both gates after any relevant change.
G8-DET-02,Gate 8,determinism,Forbid bounded random-search witness discovery.,YES,YES,NO,DETERMINISM,Static scan and byte-identical full reproduction close the determinism requirement.,PASS,Retain the pinned evidence and rerun both gates after any relevant change.
G8-DET-03,Gate 8,determinism,Avoid dependence on unspecified iteration order.,YES,YES,NO,DETERMINISM,Static scan and byte-identical full reproduction close the determinism requirement.,PASS,Retain the pinned evidence and rerun both gates after any relevant change.
G8-DET-04,Gate 8,determinism,Do not select the last valid witness without a recorded canonical reason.,YES,YES,NO,DETERMINISM,Static scan and byte-identical full reproduction close the determinism requirement.,PASS,Retain the pinned evidence and rerun both gates after any relevant change.
G8-DET-05,Gate 8,determinism,Avoid environment-sensitive class numbering unless paired with a stable fingerprint.,YES,YES,NO,DETERMINISM,Static scan and byte-identical full reproduction close the determinism requirement.,PASS,Retain the pinned evidence and rerun both gates after any relevant change.
G9-SRC-01,Gate 9,literature dependencies,Pinpoint the CFSG family inventory.,YES,YES,NO,SRC-CFSG-PINPOINT,The source ledger contains an exact theorem/table/page and matching-hypothesis note.,PASS,Retain the pinned evidence and rerun both gates after any relevant change.
G9-SRC-02,Gate 9,literature dependencies,Pinpoint twisted-parabolic stability and BN-pair applicability.,YES,YES,NO,SRC-TWISTED-BN,The source ledger contains an exact theorem/table/page and matching-hypothesis note.,PASS,Retain the pinned evidence and rerun both gates after any relevant change.
G9-SRC-03,Gate 9,literature dependencies,Pinpoint every ^2E6 Levi structure used.,YES,YES,NO,SRC-2E6-LEVI,The source ledger contains an exact theorem/table/page and matching-hypothesis note.,PASS,Retain the pinned evidence and rerun both gates after any relevant change.
G9-SRC-04,Gate 9,literature dependencies,Reconcile the TT2010 bibliographic/page discrepancy.,YES,YES,NO,K1-TT,The source ledger contains an exact theorem/table/page and matching-hypothesis note.,PASS,Retain the pinned evidence and rerun both gates after any relevant change.
G9-SRC-05,Gate 9,literature dependencies,Pinpoint every subgroup maximality statement.,YES,YES,NO,SRC-MAXIMALITY,The source ledger contains an exact theorem/table/page and matching-hypothesis note.,PASS,Retain the pinned evidence and rerun both gates after any relevant change.
G9-SRC-06,Gate 9,literature dependencies,Pinpoint every fixed-point subgroup identification.,YES,YES,NO,SRC-AUTOMORPHISMS,The source ledger contains an exact theorem/table/page and matching-hypothesis note.,PASS,Retain the pinned evidence and rerun both gates after any relevant change.
G9-SRC-07,Gate 9,literature dependencies,Pinpoint every outer automorphism formula and exceptional graph action.,YES,YES,NO,SRC-AUTOMORPHISMS,The source ledger contains an exact theorem/table/page and matching-hypothesis note.,PASS,Retain the pinned evidence and rerun both gates after any relevant change.
G9-SRC-08,Gate 9,literature dependencies,Pinpoint every selected Atlas maximality assertion.,YES,YES,NO,SRC-SPORADIC-MAX,The source ledger contains an exact theorem/table/page and matching-hypothesis note.,PASS,Retain the pinned evidence and rerun both gates after any relevant change.
G9-SRC-09,Gate 9,literature dependencies,Pinpoint all family group/subgroup/Levi order formulas.,YES,YES,NO,SRC-ORDER-FORMULAS,The source ledger contains an exact theorem/table/page and matching-hypothesis note.,OPEN,Close every mapped obligation without weakening its statement or required evidence.
G9-SRC-10,Gate 9,literature dependencies,Pinpoint the exact Zsigmondy theorem and exceptions.,YES,YES,NO,SRC-ZSIGMONDY,The source ledger contains an exact theorem/table/page and matching-hypothesis note.,OPEN,Close every mapped obligation without weakening its statement or required evidence.
G9-SRC-11,Gate 9,literature dependencies,Pinpoint every exceptional isomorphism and simplicity boundary.,YES,YES,NO,SRC-BOUNDARY-ISOMORPHISMS,The source ledger contains an exact theorem/table/page and matching-hypothesis note.,OPEN,Close every mapped obligation without weakening its statement or required evidence.
G9-LIT-01,Gate 9,priority search,Search the current official Kourovka Notebook and July 2026 update.,YES,YES,NO,LIT-PRIORITY;LIT-KOUROVKA,Every named database/path is documented with a completed result and no unresolved access limitation.,OPEN,"Complete subscriber-level MathSciNet/citation-chain access, archive query evidence, and update the cautious dated conclusion."
G9-LIT-02,Gate 9,priority search,Search MathSciNet including citation chains.,YES,YES,NO,LIT-PRIORITY;LIT-KOUROVKA,Every named database/path is documented with a completed result and no unresolved access limitation.,OPEN,"Complete subscriber-level MathSciNet/citation-chain access, archive query evidence, and update the cautious dated conclusion."
G9-LIT-03,Gate 9,priority search,Search zbMATH including citation chains.,YES,YES,NO,LIT-PRIORITY;LIT-KOUROVKA,Every named database/path is documented with a completed result and no unresolved access limitation.,OPEN,"Complete subscriber-level MathSciNet/citation-chain access, archive query evidence, and update the cautious dated conclusion."
G9-LIT-04,Gate 9,priority search,Search arXiv.,YES,YES,NO,LIT-PRIORITY;LIT-KOUROVKA,Every named database/path is documented with a completed result and no unresolved access limitation.,OPEN,"Complete subscriber-level MathSciNet/citation-chain access, archive query evidence, and update the cautious dated conclusion."
G9-LIT-05,Gate 9,priority search,Search Crossref.,YES,YES,NO,LIT-PRIORITY;LIT-KOUROVKA,Every named database/path is documented with a completed result and no unresolved access limitation.,OPEN,"Complete subscriber-level MathSciNet/citation-chain access, archive query evidence, and update the cautious dated conclusion."
G9-LIT-06,Gate 9,priority search,Search Google Scholar including citing works.,YES,YES,NO,LIT-PRIORITY;LIT-KOUROVKA,Every named database/path is documented with a completed result and no unresolved access limitation.,OPEN,"Complete subscriber-level MathSciNet/citation-chain access, archive query evidence, and update the cautious dated conclusion."
G9-LIT-07,Gate 9,priority search,"Run Russian-language searches for the problem number, authors, and translated theorem.",YES,YES,NO,LIT-PRIORITY;LIT-KOUROVKA,Every named database/path is documented with a completed result and no unresolved access limitation.,OPEN,"Complete subscriber-level MathSciNet/citation-chain access, archive query evidence, and update the cautious dated conclusion."
G9-LIT-08,Gate 9,priority search,Follow citation chains from TT2010 and later papers.,YES,YES,NO,LIT-PRIORITY;LIT-KOUROVKA,Every named database/path is documented with a completed result and no unresolved access limitation.,OPEN,"Complete subscriber-level MathSciNet/citation-chain access, archive query evidence, and update the cautious dated conclusion."
G9-LIT-09,Gate 9,priority search,Record the search completion date and cautious novelty conclusion.,YES,YES,NO,LIT-PRIORITY;LIT-KOUROVKA,Every named database/path is documented with a completed result and no unresolved access limitation.,OPEN,"Complete subscriber-level MathSciNet/citation-chain access, archive query evidence, and update the cautious dated conclusion."
G9-LIT-10,Gate 9,priority search,Disclose Zenkov 1997 and prohibit absolute first-proof language.,YES,YES,NO,LIT-PRIORITY;LIT-KOUROVKA,Every named database/path is documented with a completed result and no unresolved access limitation.,OPEN,"Complete subscriber-level MathSciNet/citation-chain access, archive query evidence, and update the cautious dated conclusion."
G10-01,Gate 10,logical manuscript audit,Maintain a dependency DAG for the main theorem.,YES,YES,NO,MANUSCRIPT-CODE;DEPENDENCY-AUDIT,"The audit checker, dependency DAG, and manuscript verifier fail on drift.",PASS,Retain the pinned evidence and rerun both gates after any relevant change.
G10-02,Gate 10,logical manuscript audit,Give every DAG node a manuscript theorem/lemma number.,YES,YES,NO,MANUSCRIPT-CODE;DEPENDENCY-AUDIT,"The audit checker, dependency DAG, and manuscript verifier fail on drift.",PASS,Retain the pinned evidence and rerun both gates after any relevant change.
G10-03,Gate 10,logical manuscript audit,Give every DAG node exact hypotheses.,YES,YES,NO,MANUSCRIPT-CODE;DEPENDENCY-AUDIT,"The audit checker, dependency DAG, and manuscript verifier fail on drift.",PASS,Retain the pinned evidence and rerun both gates after any relevant change.
G10-04,Gate 10,logical manuscript audit,Give every DAG node its dependencies.,YES,YES,NO,MANUSCRIPT-CODE;DEPENDENCY-AUDIT,"The audit checker, dependency DAG, and manuscript verifier fail on drift.",PASS,Retain the pinned evidence and rerun both gates after any relevant change.
G10-05,Gate 10,logical manuscript audit,"Classify every essential node as FORMAL, CITED, COMPUTED, or REDUNDANT.",YES,YES,NO,MANUSCRIPT-CODE;DEPENDENCY-AUDIT,"The audit checker, dependency DAG, and manuscript verifier fail on drift.",PASS,Retain the pinned evidence and rerun both gates after any relevant change.
G10-06,Gate 10,logical manuscript audit,Bind every DAG node to its source or certificate.,YES,YES,NO,MANUSCRIPT-CODE;DEPENDENCY-AUDIT,"The audit checker, dependency DAG, and manuscript verifier fail on drift.",PASS,Retain the pinned evidence and rerun both gates after any relevant change.
G10-07,Gate 10,logical manuscript audit,Mark each node essential or redundant.,YES,YES,NO,MANUSCRIPT-CODE;DEPENDENCY-AUDIT,"The audit checker, dependency DAG, and manuscript verifier fail on drift.",PASS,Retain the pinned evidence and rerun both gates after any relevant change.
G10-08,Gate 10,logical manuscript audit,Audit every use of all/every/exactly/unique/automatic/stable/maximal/complete/exhaustive/independently/certified.,YES,YES,NO,MANUSCRIPT-CODE;UNIVERSAL-CLAIM-AUDIT,"The audit checker, dependency DAG, and manuscript verifier fail on drift.",PASS,Retain the pinned evidence and rerun both gates after any relevant change.
G10-09,Gate 10,logical manuscript audit,Account for every exception exactly once.,YES,YES,NO,MANUSCRIPT-CODE;CFSG-BOUNDARIES,"The audit checker, dependency DAG, and manuscript verifier fail on drift.",PASS,Retain the pinned evidence and rerun both gates after any relevant change.
G10-10,Gate 10,logical manuscript audit,Make adjacent parameter ranges meet without gaps or overlaps.,YES,YES,NO,MANUSCRIPT-CODE;CFSG-BOUNDARIES,"The audit checker, dependency DAG, and manuscript verifier fail on drift.",PASS,Retain the pinned evidence and rerun both gates after any relevant change.
G10-11,Gate 10,logical manuscript audit,Make every manuscript number agree with a generated manifest or certificate.,YES,YES,NO,MANUSCRIPT-CODE,"The audit checker, dependency DAG, and manuscript verifier fail on drift.",PASS,Retain the pinned evidence and rerun both gates after any relevant change.
G10-12,Gate 10,logical manuscript audit,Make the proof roadmap generated from or checked against formal dependency data.,YES,YES,NO,MANUSCRIPT-CODE;FORMAL-CLEAN;DEPENDENCY-AUDIT,"The audit checker, dependency DAG, and manuscript verifier fail on drift.",PASS,Retain the pinned evidence and rerun both gates after any relevant change.
G10-13,Gate 10,logical manuscript audit,"Permit only FORMAL-PASS, CITED-PASS, COMPUTED-PASS, REDUNDANT, or explicit UNRESOLVED while auditing.",YES,YES,NO,MANUSCRIPT-CODE,"The audit checker, dependency DAG, and manuscript verifier fail on drift.",PASS,Retain the pinned evidence and rerun both gates after any relevant change.
G10-14,Gate 10,logical manuscript audit,Use binary gates with no weighted score or compensating evidence.,YES,YES,NO,MUTATIONS;MANUSCRIPT-CODE,"The audit checker, dependency DAG, and manuscript verifier fail on drift.",PASS,Retain the pinned evidence and rerun both gates after any relevant change.
G10-15,Gate 10,dependency DAG,"Reject cycles, unreachable essential nodes, missing evidence paths, stale statuses, and missing numbered manuscript anchors in the dependency DAG.",YES,YES,NO,DEPENDENCY-AUDIT,"The independent DAG validator fails on every listed topology, evidence, and status defect.",PASS,Retain the checked schema and rerun after every proof or ledger edit.
G10-16,Gate 10,universal claim audit,"Freeze every high-risk manuscript occurrence with token, line, context hash, classification, evidence route, and audit note.",YES,YES,NO,UNIVERSAL-CLAIM-AUDIT,Fresh TeX extraction agrees row-for-row with the audited universal-claim manifest.,PASS,Review and regenerate the manifest deliberately after any manuscript edit.
IND-01,Independent evidence,independence policy,Count proof-assistant kernel verification as a distinct assurance layer.,YES,YES,NO,FORMAL-CLEAN,The evidence description and implementations meet the stated independence boundary.,PASS,Retain the pinned evidence and rerun both gates after any relevant change.
IND-02,Independent evidence,independence policy,Count GAP subgroup construction/enumeration as a distinct assurance layer.,YES,YES,NO,COMP-FINITE-BASE,The evidence description and implementations meet the stated independence boundary.,PASS,Retain the pinned evidence and rerun both gates after any relevant change.
IND-03,Independent evidence,independence policy,Use a separately written double-coset or equivalent saturation checker.,YES,YES,NO,COMP-K2,The evidence description and implementations meet the stated independence boundary.,PASS,Retain the pinned evidence and rerun both gates after any relevant change.
IND-04,Independent evidence,independence policy,Use independent symbolic arithmetic code.,YES,YES,NO,ARITH-SYMBOLIC;COMP-INDEPENDENT,The evidence description and implementations meet the stated independence boundary.,PASS,Retain the pinned evidence and rerun both gates after any relevant change.
IND-05,Independent evidence,independence policy,Use exact published classification results.,YES,YES,NO,SRC-CFSG-PINPOINT;SRC-MAXIMALITY,The evidence description and implementations meet the stated independence boundary.,PASS,Retain the pinned evidence and rerun both gates after any relevant change.
IND-06,Independent evidence,independence policy,Use explicit exhaustive small-group model checking as redundant validation.,YES,YES,NO,COMP-FINITE-BASE,The evidence description and implementations meet the stated independence boundary.,PASS,Retain the pinned evidence and rerun both gates after any relevant change.
IND-07,Independent evidence,independence policy,Do not count multiple AI reviews as independent mathematical evidence.,YES,YES,NO,ADV-PROOF-AUDITS,The evidence description and implementations meet the stated independence boundary.,OPEN,Close every mapped obligation without weakening its statement or required evidence.
IND-08,Independent evidence,independence policy,Do not count two scripts that consume the same generated conclusion as independent.,YES,YES,NO,COMP-INDEPENDENT,The evidence description and implementations meet the stated independence boundary.,PASS,Retain the pinned evidence and rerun both gates after any relevant change.
IND-09,Independent evidence,independence policy,Do not count coverage inventories generated by the same mechanism as independent.,YES,YES,NO,CFSG-INVENTORY,The evidence description and implementations meet the stated independence boundary.,PASS,Retain the pinned evidence and rerun both gates after any relevant change.
BUNDLE-01,Evidence bundle,release governance,Maintain the binary obligation ledger.,YES,YES,NO,MANUSCRIPT-CODE,"The named artifact exists, is hash-bound where appropriate, and is exercised by the gate.",PASS,Retain the pinned evidence and rerun both gates after any relevant change.
BUNDLE-02,Evidence bundle,release governance,Maintain the main-theorem dependency DAG.,YES,YES,NO,MANUSCRIPT-CODE;DEPENDENCY-AUDIT,"The named artifact exists, is hash-bound where appropriate, and is exercised by the gate.",PASS,Retain the pinned evidence and rerun both gates after any relevant change.
BUNDLE-03,Evidence bundle,release governance,Maintain the assumptions/trust-boundary document.,YES,YES,NO,MANUSCRIPT-CODE,"The named artifact exists, is hash-bound where appropriate, and is exercised by the gate.",PASS,Retain the pinned evidence and rerun both gates after any relevant change.
BUNDLE-04,Evidence bundle,release governance,Maintain the source ledger.,YES,YES,NO,SRC-CFSG-PINPOINT,"The named artifact exists, is hash-bound where appropriate, and is exercised by the gate.",PASS,Retain the pinned evidence and rerun both gates after any relevant change.
BUNDLE-05,Evidence bundle,release governance,Maintain the exact exception manifest.,YES,YES,NO,CFSG-BOUNDARIES,"The named artifact exists, is hash-bound where appropriate, and is exercised by the gate.",PASS,Retain the pinned evidence and rerun both gates after any relevant change.
BUNDLE-06,Evidence bundle,release governance,Maintain the stop-ship register.,YES,YES,NO,MANUSCRIPT-CODE;AUDIT-REPORTS,"The named artifact exists, is hash-bound where appropriate, and is exercised by the gate.",PASS,Retain the pinned evidence and rerun both gates after any relevant change.
BUNDLE-07,Evidence bundle,release governance,Maintain the red-team report.,YES,YES,NO,ADV-PROOF-AUDITS,"The named artifact exists, is hash-bound where appropriate, and is exercised by the gate.",OPEN,Close every mapped obligation without weakening its statement or required evidence.
BUNDLE-08,Evidence bundle,release governance,Maintain the binary submission report.,YES,YES,NO,MANUSCRIPT-CODE;AUDIT-REPORTS,"The named artifact exists, is hash-bound where appropriate, and is exercised by the gate.",PASS,Retain the pinned evidence and rerun both gates after any relevant change.
BUNDLE-09,Evidence bundle,release governance,Maintain a locked formal project and coverage manifest.,YES,YES,NO,FORMAL-CLEAN,"The named artifact exists, is hash-bound where appropriate, and is exercised by the gate.",PASS,Retain the pinned evidence and rerun both gates after any relevant change.
BUNDLE-10,Evidence bundle,release governance,Maintain primary and independent computation trees.,YES,YES,NO,COMP-INDEPENDENT,"The named artifact exists, is hash-bound where appropriate, and is exercised by the gate.",PASS,Retain the pinned evidence and rerun both gates after any relevant change.
BUNDLE-11,Evidence bundle,release governance,Maintain cryptographic hashes for all proof inputs and receipts.,YES,YES,NO,COMP-ENV;DETERMINISM,"The named artifact exists, is hash-bound where appropriate, and is exercised by the gate.",PASS,Retain the pinned evidence and rerun both gates after any relevant change.
BUNDLE-12,Evidence bundle,release governance,Print PASS only when every requirement for the selected profile is closed.,YES,YES,NO,MUTATIONS,"The named artifact exists, is hash-bound where appropriate, and is exercised by the gate.",PASS,Retain the pinned evidence and rerun both gates after any relevant change.
BUNDLE-13,Evidence bundle,release governance,"Print zero open obligations, citations, family cases, exceptions, hashes, mismatches, nondeterminism, skips, and manuscript drift before a pass.",YES,YES,NO,MUTATIONS;DETERMINISM;MANUSCRIPT-CODE,"The named artifact exists, is hash-bound where appropriate, and is exercised by the gate.",PASS,Retain the pinned evidence and rerun both gates after any relevant change.
BUNDLE-14,Evidence bundle,generated reports,Generate stop-ship and submission reports deterministically from the current ledger instead of maintaining counts and blocker prose by hand.,YES,YES,NO,AUDIT-REPORTS,Both human-facing reports reproduce byte-for-byte from canonical audit inputs.,PASS,"Run update_reports.py --write after intentional ledger/policy changes, then verify."
COND-01,99% threshold,assumption boundary,"State that any 99% confidence is conditional on CFSG, cited classifications, Atlas/CTblLib data, and trusted software/kernel layers.",YES,YES,NO,SRC-CFSG-PINPOINT;COMP-ENV;MANUSCRIPT-CODE,ASSUMPTIONS.md and the manuscript/report state the external trust boundary.,PASS,Retain the pinned evidence and rerun both gates after any relevant change.
COND-02,99% threshold,honest status,Never describe the release as 99% while any confidence99 requirement is open.,YES,YES,NO,MANUSCRIPT-CODE;MUTATIONS,Manuscript wording and the confidence99 gate both forbid a 99% statement while any confidence99 requirement remains open.,PASS,Keep the no-99% wording until submission-gate.sh confidence99 prints PASS.
PHD-01,Sole-author gate,defense readiness,Explain why a minimal counterexample has socle S^k.,NO,NO,YES,DEFENSE-READINESS,A documented independent mock defense confirms an unaided correct reconstruction.,OPEN,Complete the written reconstruction and an independently assessed oral mock defense; do not conflate this with theorem correctness.
PHD-02,Sole-author gate,defense readiness,Explain why coordinate closure gives t dividing x^k k!.,NO,NO,YES,DEFENSE-READINESS,A documented independent mock defense confirms an unaided correct reconstruction.,OPEN,Complete the written reconstruction and an independently assessed oral mock defense; do not conflate this with theorem correctness.
PHD-03,Sole-author gate,defense readiness,Construct B_V and derive its exact order.,NO,NO,YES,DEFENSE-READINESS,A documented independent mock defense confirms an unaided correct reconstruction.,OPEN,Complete the written reconstruction and an independently assessed oral mock defense; do not conflate this with theorem correctness.
PHD-04,Sole-author gate,defense readiness,Explain the role of normal saturation in maximality.,NO,NO,YES,DEFENSE-READINESS,A documented independent mock defense confirms an unaided correct reconstruction.,OPEN,Complete the written reconstruction and an independently assessed oral mock defense; do not conflate this with theorem correctness.
PHD-05,Sole-author gate,defense readiness,Explain why distinct stable classes give nonconjugate maximal subgroups.,NO,NO,YES,DEFENSE-READINESS,A documented independent mock defense confirms an unaided correct reconstruction.,OPEN,Complete the written reconstruction and an independently assessed oral mock defense; do not conflate this with theorem correctness.
PHD-06,Sole-author gate,defense readiness,Explain the valuation contradiction for all k.,NO,NO,YES,DEFENSE-READINESS,A documented independent mock defense confirms an unaided correct reconstruction.,OPEN,Complete the written reconstruction and an independently assessed oral mock defense; do not conflate this with theorem correctness.
PHD-07,Sole-author gate,defense readiness,Explain why the primitive prime avoids both selected Levi factors.,NO,NO,YES,DEFENSE-READINESS,A documented independent mock defense confirms an unaided correct reconstruction.,OPEN,Complete the written reconstruction and an independently assessed oral mock defense; do not conflate this with theorem correctness.
PHD-08,Sole-author gate,defense readiness,Explain what graph and graph-field automorphisms change.,NO,NO,YES,DEFENSE-READINESS,A documented independent mock defense confirms an unaided correct reconstruction.,OPEN,Complete the written reconstruction and an independently assessed oral mock defense; do not conflate this with theorem correctness.
PHD-09,Sole-author gate,defense readiness,Explain what the computations prove and do not prove.,NO,NO,YES,DEFENSE-READINESS,A documented independent mock defense confirms an unaided correct reconstruction.,OPEN,Complete the written reconstruction and an independently assessed oral mock defense; do not conflate this with theorem correctness.
PHD-10,Sole-author gate,defense readiness,Reconstruct complete CFSG-family coverage.,NO,NO,YES,DEFENSE-READINESS,A documented independent mock defense confirms an unaided correct reconstruction.,OPEN,Complete the written reconstruction and an independently assessed oral mock defense; do not conflate this with theorem correctness.
PHD-11,Sole-author gate,defense readiness,Answer what fails without normal saturation.,NO,NO,YES,DEFENSE-READINESS,A documented independent mock defense confirms an unaided correct reconstruction.,OPEN,Complete the written reconstruction and an independently assessed oral mock defense; do not conflate this with theorem correctness.
PHD-12,Sole-author gate,defense readiness,Answer what fails without X-stability.,NO,NO,YES,DEFENSE-READINESS,A documented independent mock defense confirms an unaided correct reconstruction.,OPEN,Complete the written reconstruction and an independently assessed oral mock defense; do not conflate this with theorem correctness.
PHD-13,Sole-author gate,defense readiness,Explain why unique order can force outer-automorphism stability for a sporadic class.,NO,NO,YES,DEFENSE-READINESS,A documented independent mock defense confirms an unaided correct reconstruction.,OPEN,Complete the written reconstruction and an independently assessed oral mock defense; do not conflate this with theorem correctness.
PHD-14,Sole-author gate,defense readiness,"Explain why 7,892 tests do not prove an infinite family theorem.",NO,NO,YES,DEFENSE-READINESS,A documented independent mock defense confirms an unaided correct reconstruction.,OPEN,Complete the written reconstruction and an independently assessed oral mock defense; do not conflate this with theorem correctness.
PHD-15,Sole-author gate,defense readiness,Explain why the k! term does not defeat the valuation bound.,NO,NO,YES,DEFENSE-READINESS,A documented independent mock defense confirms an unaided correct reconstruction.,OPEN,Complete the written reconstruction and an independently assessed oral mock defense; do not conflate this with theorem correctness.
OPS-01,Repository operations,writer instructions,"Provide a writer-facing README explaining quick, full, submission, and 99% gates and how to respond to failures.",YES,YES,NO,MANUSCRIPT-CODE,"The guide exists, is linked from agent instructions, and forbids manual status/count edits.",PASS,Retain the pinned evidence and rerun both gates after any relevant change.
OPS-02,Repository operations,agent instructions,Require both AGENTS.md and CLAUDE.md to follow the same binary gate policy.,YES,YES,NO,MANUSCRIPT-CODE,Both root instruction files link the writer guide and burden matrix.,PASS,Retain the pinned evidence and rerun both gates after any relevant change.
OPS-03,Repository operations,ignore policy,"Ignore only transient caches/build products while keeping proof receipts, locks, manifests, and reports trackable.",YES,YES,NO,DETERMINISM,Scoped .gitignore rules do not hide required evidence.,PASS,Retain the pinned evidence and rerun both gates after any relevant change.
